"taxon_id"	"taxon_rank"	"scientific_name"	"class"	"phylum"	"kingdom"	"superkingdom"	"genome_size"	"assembly_level"	"assembly_span"	"chromosome_number"	"haploid_number"
"938171"	"species"	"Abrostola tripartita"	"Insecta"	"Arthropoda"	"Metazoa"		662595000	"Chromosome"	381042155	31	31
"254365"	"species"	"Abrostola triplasia"	"Insecta"	"Arthropoda"	"Metazoa"		662595000	"Chromosome"	362707411	31	31
"483950"	"species"	"Acanthosoma haemorrhoidale"	"Insecta"	"Arthropoda"	"Metazoa"		3237180000	"Chromosome"	865603386	12	6
"8957"	"species"	"Astur gentilis"	"Aves"	"Chordata"	"Metazoa"		1398540000	"Chromosome"	1398011397	78	39
"1666818"	"species"	"Acentria ephemerella"	"Insecta"	"Arthropoda"	"Metazoa"		601470000	"Chromosome"	340777416	62	17
"753485"	"species"	"Achlya flavicornis"	"Insecta"	"Arthropoda"	"Metazoa"		317850000	"Chromosome"	444558171	62	31
"758705"	"species"	"Acleris cristana"	"Insecta"	"Arthropoda"	"Metazoa"		600553125	"Chromosome"	562556046	30	30
"758706"	"species"	"Acleris emargana"	"Insecta"	"Arthropoda"	"Metazoa"		600553125	"Chromosome"	691431929	30	30
"1100899"	"species"	"Acleris literana"	"Insecta"	"Arthropoda"	"Metazoa"		600553125	"Chromosome"	674873004	30	30
"1857951"	"species"	"Acrobasis suavella"	"Insecta"	"Arthropoda"	"Metazoa"		713940000	"Chromosome"	647267125	60	30
"210248"	"species"	"Acrocera orbiculus"	"Insecta"	"Arthropoda"	"Metazoa"		518492812	"Chromosome"	221013885	14	4
"987859"	"species"	"Acronicta aceris"	"Insecta"	"Arthropoda"	"Metazoa"		662595000	"Chromosome"	466369003	31	31
"987862"	"species"	"Acronicta leporina"	"Insecta"	"Arthropoda"	"Metazoa"		662595000	"Chromosome"	465575723	31	31
"987865"	"species"	"Acronicta psi"	"Insecta"	"Arthropoda"	"Metazoa"		662595000	"Chromosome"	404684940	62	31
"7084"	"species"	"Adalia bipunctata"	"Insecta"	"Arthropoda"	"Metazoa"		352080000	"Chromosome"	475267023	20	10
"1511221"	"species"	"Aelia acuminata"	"Insecta"	"Arthropoda"	"Metazoa"		3237180000	"Chromosome"	1169983176	14	7
"104476"	"species"	"Agriopis aurantiaria"	"Insecta"	"Arthropoda"	"Metazoa"		831300000	"Chromosome"	485369969	62	30
"934821"	"species"	"Agriopis leucophaearia"	"Insecta"	"Arthropoda"	"Metazoa"		831300000	"Chromosome"	491314972	62	30
"190331"	"species"	"Agriopis marginaria"	"Insecta"	"Arthropoda"	"Metazoa"		831300000	"Chromosome"	500879769	62	30
"1660579"	"species"	"Agriphila geniculea"	"Insecta"	"Arthropoda"	"Metazoa"		601470000	"Chromosome"	781638172	34	17
"1594226"	"species"	"Agriphila tristella"	"Insecta"	"Arthropoda"	"Metazoa"		601470000	"Chromosome"	801760480	34	17
"987866"	"species"	"Agrochola circellaris"	"Insecta"	"Arthropoda"	"Metazoa"		662595000	"Chromosome"	572147337	60	30
"987869"	"species"	"Agrochola litura"	"Insecta"	"Arthropoda"	"Metazoa"		662595000	"Chromosome"	772176219	31	30
"987870"	"species"	"Agrochola lota"	"Insecta"	"Arthropoda"	"Metazoa"		662595000	"Chromosome"	636702707	60	30
"987872"	"species"	"Agrochola macilenta"	"Insecta"	"Arthropoda"	"Metazoa"		662595000	"Chromosome"	683208122	60	30
"1857961"	"species"	"Agrotis puta"	"Insecta"	"Arthropoda"	"Metazoa"		660150000	"Chromosome"	522118748	31	29
"195168"	"species"	"Agrypnus murinus"	"Insecta"	"Arthropoda"	"Metazoa"		694380000	"Chromosome"	1578505632	22	11
"2768810"	"species"	"Ailanthus altissimus"	"Magnoliopsida"	"Streptophyta"	"Viridiplantae"		1002449999	"Chromosome"	925321427	36	31
"174269"	"species"	"Alcis repandata"	"Insecta"	"Arthropoda"	"Metazoa"		831300000	"Chromosome"	396357622	62	30
"880429"	"species"	"Alitta virens"	"Polychaeta"	"Annelida"	"Metazoa"		2102700000	"Chromosome"	671154093	20	12
"988056"	"species"	"Allophyes oxyacanthae"	"Insecta"	"Arthropoda"	"Metazoa"		889980000	"Chromosome"	458464223	31	31
"231887"	"species"	"Amblyteles armatorius"	"Insecta"	"Arthropoda"	"Metazoa"		264060000	"Chromosome"	227071211	24	12
"987875"	"species"	"Amphipoea lucens"	"Insecta"	"Arthropoda"	"Metazoa"		650370000	"Chromosome"	647703034	58	29
"987876"	"species"	"Amphipoea oculea"	"Insecta"	"Arthropoda"	"Metazoa"		650370000	"Chromosome"	669248832	58	29
"987877"	"species"	"Amphipyra berbera"	"Insecta"	"Arthropoda"	"Metazoa"		889980000	"Chromosome"	582289898	31	31
"689058"	"species"	"Amphipyra tragopoginis"	"Insecta"	"Arthropoda"	"Metazoa"		889980000	"Chromosome"	805653278	31	31
"1100908"	"species"	"Anania crocealis"	"Insecta"	"Arthropoda"	"Metazoa"		601470000	"Chromosome"	623979160	62	28
"2566270"	"species"	"Anarsia innoxiella"	"Insecta"	"Arthropoda"	"Metazoa"		600553125	"Chromosome"	302913609	29	29
"295995"	"species"	"Anaspis maculata"	"Insecta"	"Arthropoda"	"Metazoa"		400980000	"Chromosome"	757828000	20	9
"76990"	"species"	"Ancistrocerus nigricornis"	"Insecta"	"Arthropoda"	"Metazoa"		220050000	"Chromosome"	231995547	12	6
"1542580"	"species"	"Andrena bucephala"	"Insecta"	"Arthropoda"	"Metazoa"		489000000	"Chromosome"	379771409	6	3
"1411666"	"species"	"Andrena dorsata"	"Insecta"	"Arthropoda"	"Metazoa"		489000000	"Chromosome"	277321003	6	3
"1411667"	"species"	"Andrena fulva"	"Insecta"	"Arthropoda"	"Metazoa"		489000000	"Chromosome"	461711296	6	3
"444401"	"species"	"Andrena haemorrhoa"	"Insecta"	"Arthropoda"	"Metazoa"		489000000	"Chromosome"	330670691	6	3
"1126402"	"species"	"Andrena hattorfiana"	"Insecta"	"Arthropoda"	"Metazoa"		489000000	"Chromosome"	428510216	6	3
"1190802"	"species"	"Andrena minutula"	"Insecta"	"Arthropoda"	"Metazoa"		489000000	"Chromosome"	380445275	6	3
"271030"	"species"	"Anisus vortex"	"Gastropoda"	"Mollusca"	"Metazoa"		1310520000	"Chromosome"	869531111	36	18
"1667466"	"species"	"Anoplius nigerrimus"	"Insecta"	"Arthropoda"	"Metazoa"		503670000	"Chromosome"	623783591	28	14
"988060"	"species"	"Anorthoa munda"	"Insecta"	"Arthropoda"	"Metazoa"		586800000	"Chromosome"	938645429	26	31
"227532"	"species"	"Anthocharis cardamines"	"Insecta"	"Arthropoda"	"Metazoa"		254280000	"Chromosome"	359601502	62	30
"934824"	"species"	"Anticlea derivata"	"Insecta"	"Arthropoda"	"Metazoa"		640590000	"Chromosome"	355803668	60	30
"988062"	"species"	"Antitype chi"	"Insecta"	"Arthropoda"	"Metazoa"		662595000	"Chromosome"	632202931	31	30
"753153"	"species"	"Apamea crenata"	"Insecta"	"Arthropoda"	"Metazoa"		650370000	"Chromosome"	580431227	58	29
"987880"	"species"	"Apamea epomidion"	"Insecta"	"Arthropoda"	"Metazoa"		650370000	"Chromosome"	624644460	58	29
"875885"	"species"	"Apamea monoglypha"	"Insecta"	"Arthropoda"	"Metazoa"		650370000	"Chromosome"	575666810	58	29
"689061"	"species"	"Apamea sordens"	"Insecta"	"Arthropoda"	"Metazoa"		650370000	"Chromosome"	614313245	58	29
"934915"	"species"	"Apeira syringaria"	"Insecta"	"Arthropoda"	"Metazoa"		831300000	"Chromosome"	544428085	58	29
"722657"	"species"	"Apocheima hispidaria"	"Insecta"	"Arthropoda"	"Metazoa"		831300000	"Chromosome"	419690830	62	30
"287200"	"species"	"Apoda limacodes"	"Insecta"	"Arthropoda"	"Metazoa"		600553125	"Chromosome"	800335453	19	25
"201766"	"species"	"Apoderus coryli"	"Insecta"	"Arthropoda"	"Metazoa"		978000000	"Chromosome"	428056372	28	14
"1666458"	"species"	"Apomyelois bistriatella"	"Insecta"	"Arthropoda"	"Metazoa"		713940000	"Chromosome"	389556621	60	30
"129397"	"species"	"Aporia crataegi"	"Insecta"	"Arthropoda"	"Metazoa"		254280000	"Chromosome"	229678889	50	25
"1337163"	"species"	"Aporophyla lueneburgensis"	"Insecta"	"Arthropoda"	"Metazoa"		662595000	"Chromosome"	978291914	31	30
"988065"	"species"	"Aporophyla nigra"	"Insecta"	"Arthropoda"	"Metazoa"		662595000	"Chromosome"	736874160	31	30
"1100915"	"species"	"Apotomis betuletana"	"Insecta"	"Arthropoda"	"Metazoa"		600553125	"Chromosome"	684224795	28	28
"1100916"	"species"	"Apotomis turbidana"	"Insecta"	"Arthropoda"	"Metazoa"		600553125	"Chromosome"	720450266	28	28
"223781"	"subspecies"	"Aquila chrysaetos chrysaetos"	"Aves"	"Chordata"	"Metazoa"		1398540000	"Chromosome"	1233704830	62	31
"1857967"	"species"	"Archips crataeganus"	"Insecta"	"Arthropoda"	"Metazoa"		600553125	"Chromosome"	626907041	30	30
"1100919"	"species"	"Archips xylosteana"	"Insecta"	"Arthropoda"	"Metazoa"		600553125	"Chromosome"	650594549	30	30
"91739"	"species"	"Aricia agestis"	"Insecta"	"Arthropoda"	"Metazoa"		224940000	"Chromosome"	435265205	46	23
"91738"	"species"	"Aricia artaxerxes"	"Insecta"	"Arthropoda"	"Metazoa"		224940000	"Chromosome"	458481091	46	23
"1047088"	"species"	"Arvicola amphibius"	"Mammalia"	"Chordata"	"Metazoa"		2845980000	"Chromosome"	2297766297	36	18
"7602"	"species"	"Asterias amurensis"	"Asteroidea"	"Echinodermata"	"Metazoa"		586800000	"Chromosome"	491537102	30	15
"7604"	"species"	"Asterias rubens"	"Asteroidea"	"Echinodermata"	"Metazoa"		586800000	"Chromosome"	417601740	18	9
"72670"	"species"	"Luidia ciliaris"	"Asteroidea"	"Echinodermata"	"Metazoa"		635700000		471186708	40	20
"72721"	"species"	"Echinaster sepositus"	"Asteroidea"	"Echinodermata"	"Metazoa"		743280000	"Chromosome"	627004474	54	18
"988071"	"species"	"Atethmia centrago"	"Insecta"	"Arthropoda"	"Metazoa"		662595000	"Chromosome"	926639817	31	30
"37344"	"species"	"Athalia rosae"	"Insecta"	"Arthropoda"	"Metazoa"		306847500	"Chromosome"	163898130	16	8
"1101086"	"species"	"Athrips mouffetella"	"Insecta"	"Arthropoda"	"Metazoa"		600553125	"Chromosome"	869715962	58	11
"446526"	"species"	"Athripsodes cinereus"	"Insecta"	"Arthropoda"	"Metazoa"		488541562	"Chromosome"	716242550	50	25
"254363"	"species"	"Autographa gamma"	"Insecta"	"Arthropoda"	"Metazoa"		662595000	"Chromosome"	373051863	62	31
"987893"	"species"	"Autographa pulchrina"	"Insecta"	"Arthropoda"	"Metazoa"		662595000	"Chromosome"	426225690	62	31
"194200"	"species"	"Ballota nigra"	"Magnoliopsida"	"Streptophyta"	"Viridiplantae"		1418100000	"Chromosome"	1186790492	22	10
"135647"	"species"	"Barbatula barbatula"	"Actinopteri"	"Chordata"	"Metazoa"		528120000	"Chromosome"	549948878	50	24
"40830"	"species"	"Barbus barbus"	"Actinopteri"	"Chordata"	"Metazoa"		1740840000	"Chromosome"	1584913304	100	50
"301037"	"species"	"Bembecia ichneumoniformis"	"Insecta"	"Arthropoda"	"Metazoa"		600553125	"Chromosome"	511395034	30	28
"2719050"	"species"	"Beris chalybata"	"Insecta"	"Arthropoda"	"Metazoa"		1154040000	"Chromosome"	541854208	10	5
"189979"	"species"	"Bibio marci"	"Insecta"	"Arthropoda"	"Metazoa"		210270000	"Chromosome"	340009463	10	5
"6526"	"species"	"Biomphalaria glabrata"	"Gastropoda"	"Mollusca"	"Metazoa"		929100000	"Chromosome"	882781716	36	18
"82595"	"species"	"Biston betularia"	"Insecta"	"Arthropoda"	"Metazoa"		831300000	"Chromosome"	404509252	62	30
"1869501"	"species"	"Blastobasis adustella"	"Insecta"	"Arthropoda"	"Metazoa"		600553125	"Chromosome"	557424730	58	11
"2561016"	"species"	"Blastobasis lacticolella"	"Insecta"	"Arthropoda"	"Metazoa"		600553125	"Chromosome"	577068156	58	11
"226147"	"species"	"Blera fallax"	"Insecta"	"Arthropoda"	"Metazoa"		528120000	"Chromosome"	461821444	12	6
"191398"	"species"	"Boloria selene"	"Insecta"	"Arthropoda"	"Metazoa"		347190000	"Chromosome"	399902484	60	30
"207624"	"species"	"Bombus campestris"	"Insecta"	"Arthropoda"	"Metazoa"		446212500	"Chromosome"	275239257	50	25
"85660"	"species"	"Bombus hortorum"	"Insecta"	"Arthropoda"	"Metazoa"		446212500	"Chromosome"	296297395	38	19
"30191"	"species"	"Bombus hypnorum"	"Insecta"	"Arthropoda"	"Metazoa"		408315000	"Chromosome"	297334159	36	18
"65598"	"species"	"Bombus pascuorum"	"Insecta"	"Arthropoda"	"Metazoa"		446212500	"Chromosome"	307548333	34	17
"30194"	"species"	"Bombus pratorum"	"Insecta"	"Arthropoda"	"Metazoa"		408315000	"Chromosome"	285050844	36	18
"30201"	"species"	"Bombus sylvestris"	"Insecta"	"Arthropoda"	"Metazoa"		446212500	"Chromosome"	302565711	50	25
"30195"	"species"	"Bombus terrestris"	"Insecta"	"Arthropoda"	"Metazoa"		518340000	"Chromosome"	320808142	36	18
"2741128"	"species"	"Bombylius discolor"	"Insecta"	"Arthropoda"	"Metazoa"		518492812	"Chromosome"	279827877	12	6
"240869"	"species"	"Bombylius major"	"Insecta"	"Arthropoda"	"Metazoa"		518492812	"Chromosome"	304311880	12	6
"988081"	"species"	"Brachylomia viminalis"	"Insecta"	"Arthropoda"	"Metazoa"		662595000	"Chromosome"	782229127	31	30
"2234001"	"species"	"Brachypalpus laphriformis"	"Insecta"	"Arthropoda"	"Metazoa"		528120000	"Chromosome"	1071394021	10	5
"2065413"	"species"	"Brachyptera putata"	"Insecta"	"Arthropoda"	"Metazoa"		2602396875	"Chromosome"	436497185	31	11
"1649775"	"species"	"Bruchidius siliquastri"	"Insecta"	"Arthropoda"	"Metazoa"		1261620000	"Chromosome"	375568116	20	10
"1419289"	"species"	"Buathra laborator"	"Insecta"	"Arthropoda"	"Metazoa"		264060000	"Chromosome"	329895160	22	11
"8384"	"species"	"Bufo bufo"	"Amphibia"	"Chordata"	"Metazoa"		6454800000	"Chromosome"	5044744194	22	11
"1371681"	"species"	"Calamotropha paludella"	"Insecta"	"Arthropoda"	"Metazoa"		601470000	"Chromosome"	742465520	34	17
"27454"	"species"	"Calliphora vomitoria"	"Insecta"	"Arthropoda"	"Metazoa"		689490000	"Chromosome"	707626003	12	6
"934813"	"species"	"Campaea margaritaria"	"Insecta"	"Arthropoda"	"Metazoa"		831300000	"Chromosome"	335209595	62	31
"9612"	"species"	"Canis lupus"	"Mammalia"	"Chordata"	"Metazoa"		2748180000	"Chromosome"	2347135981	78	39
"877752"	"species"	"Cantharis flavilabris"	"Insecta"	"Arthropoda"	"Metazoa"		1322745000	"Chromosome"	348287367	14	7
"350087"	"species"	"Cantharis rufa"	"Insecta"	"Arthropoda"	"Metazoa"		1322745000	"Chromosome"	355314269	14	7
"195172"	"species"	"Cantharis rustica"	"Insecta"	"Arthropoda"	"Metazoa"		1322745000	"Chromosome"	445917632	14	7
"987895"	"species"	"Caradrina clavipalpis"	"Insecta"	"Arthropoda"	"Metazoa"		650370000	"Chromosome"	474181573	31	29
"987896"	"species"	"Caradrina kadenii"	"Insecta"	"Arthropoda"	"Metazoa"		650370000	"Chromosome"	425987072	31	29
"116121"	"species"	"Carcina quercana"	"Insecta"	"Arthropoda"	"Metazoa"		600553125	"Chromosome"	408882264	27	30
"423510"	"species"	"Catocala fraxini"	"Insecta"	"Arthropoda"	"Metazoa"		1467000000	"Chromosome"	780586440	31	31
"203782"	"species"	"Celastrina argiolus"	"Insecta"	"Arthropoda"	"Metazoa"		224940000	"Chromosome"	499114119	48	24
"988089"	"species"	"Cerastis rubricosa"	"Insecta"	"Arthropoda"	"Metazoa"		660150000	"Chromosome"	678693941	31	29
"1167272"	"species"	"Cerceris rybyensis"	"Insecta"	"Arthropoda"	"Metazoa"		413205000	"Chromosome"	418076835	28	5
"9860"	"species"	"Cervus elaphus"	"Mammalia"	"Chordata"	"Metazoa"		3168720000	"Chromosome"	2886603524	68	34
"290679"	"species"	"Cetonia aurata"	"Insecta"	"Arthropoda"	"Metazoa"		655260000	"Chromosome"	479625900	20	10
"13055"	"species"	"Chamaenerion angustifolium"	"Magnoliopsida"	"Streptophyta"	"Viridiplantae"		831300000	"Chromosome"	655862486	36	18
"987475"	"species"	"Charanyca ferruginea"	"Insecta"	"Arthropoda"	"Metazoa"		662595000	"Chromosome"	854648588	30	30
"273439"	"species"	"Cheilosia impressa"	"Insecta"	"Arthropoda"	"Metazoa"		528120000	"Chromosome"	394950496	12	5
"368781"	"species"	"Cheilosia soror"	"Insecta"	"Arthropoda"	"Metazoa"		528120000	"Chromosome"	480329122	12	5
"173985"	"species"	"Cheilosia urbana"	"Insecta"	"Arthropoda"	"Metazoa"		528120000	"Chromosome"	546925253	12	5
"423616"	"species"	"Cheilosia vernalis"	"Insecta"	"Arthropoda"	"Metazoa"		528120000	"Chromosome"	441623484	10	5
"273409"	"species"	"Cheilosia vulpina"	"Insecta"	"Arthropoda"	"Metazoa"		528120000	"Chromosome"	405365642	12	5
"3559"	"species"	"Chenopodium album"	"Magnoliopsida"	"Streptophyta"	"Viridiplantae"		2044019999	"Chromosome"	1593843283	54	18
"934925"	"species"	"Chesias legatella"	"Insecta"	"Arthropoda"	"Metazoa"		640590000	"Chromosome"	310258074	60	30
"934828"	"species"	"Chloroclysta siterata"	"Insecta"	"Arthropoda"	"Metazoa"		640590000	"Chromosome"	437871077	60	30
"1209621"	"species"	"Choreutis nemorana"	"Insecta"	"Arthropoda"	"Metazoa"		600553125	"Chromosome"	300243466	30	28
"1587174"	"species"	"Chrysolina oricalcia"	"Insecta"	"Arthropoda"	"Metazoa"		855750000	"Chromosome"	1423436458	40	20
"189513"	"species"	"Chrysoperla carnea"	"Insecta"	"Arthropoda"	"Metazoa"		488541562	"Chromosome"	560232532	14	6
"1594250"	"species"	"Chrysoteuchia culmella"	"Insecta"	"Arthropoda"	"Metazoa"		601470000	"Chromosome"	645211292	34	17
"323313"	"species"	"Chrysotoxum bicinctum"	"Insecta"	"Arthropoda"	"Metazoa"		528120000	"Chromosome"	912918972	10	5
"1918221"	"species"	"Cistogaster globosa"	"Insecta"	"Arthropoda"	"Metazoa"		691323750	"Chromosome"	837758165	12	6
"494138"	"species"	"Clistopyga incitator"	"Insecta"	"Arthropoda"	"Metazoa"		264060000	"Chromosome"	260675948	30	9
"197152"	"species"	"Cloeon dipterum"	"Insecta"	"Arthropoda"	"Metazoa"		963330000	"Chromosome"	190111064	10	5
"987902"	"species"	"Clostera curtula"	"Insecta"	"Arthropoda"	"Metazoa"		352080000	"Chromosome"	512665902	58	24
"576317"	"species"	"Clusia tigrina"	"Insecta"	"Arthropoda"	"Metazoa"		260392500	"Chromosome"	1216377468	12	6
"41139"	"species"	"Coccinella septempunctata"	"Insecta"	"Arthropoda"	"Metazoa"		371640000	"Chromosome"	398849173	20	10
"72248"	"species"	"Colias croceus"	"Insecta"	"Arthropoda"	"Metazoa"		254280000	"Chromosome"	324897031	62	31
"706635"	"species"	"Conistra vaccinii"	"Insecta"	"Arthropoda"	"Metazoa"		449880000	"Chromosome"	720835524	31	31
"491269"	"species"	"Conomelus anceps"	"Insecta"	"Arthropoda"	"Metazoa"		694380000	"Chromosome"	957836206	27	16
"1226616"	"species"	"Coremacera marginata"	"Insecta"	"Arthropoda"	"Metazoa"		254280000	"Chromosome"	979662365	12	6
"116126"	"species"	"Cosmia trapezina"	"Insecta"	"Arthropoda"	"Metazoa"		662595000	"Chromosome"	825172178	32	31
"1100958"	"species"	"Crambus lathoniellus"	"Insecta"	"Arthropoda"	"Metazoa"		601470000	"Chromosome"	893766342	34	17
"938226"	"species"	"Craniophora ligustri"	"Insecta"	"Arthropoda"	"Metazoa"		662595000	"Chromosome"	437978302	31	31
"452744"	"species"	"Crataerina pallida"	"Insecta"	"Arthropoda"	"Metazoa"		476775000	"Chromosome"	177048515	18	8
"346762"	"species"	"Crepidodera aurea"	"Insecta"	"Arthropoda"	"Metazoa"		234720000	"Chromosome"	508956902	18	9
"2663927"	"species"	"Criorhina berberina"	"Insecta"	"Arthropoda"	"Metazoa"		528120000	"Chromosome"	410379867	8	4
"934829"	"species"	"Crocallis elinguaria"	"Insecta"	"Arthropoda"	"Metazoa"		831300000	"Chromosome"	430382504	62	30
"204949"	"species"	"Cryptocephalus moraei"	"Insecta"	"Arthropoda"	"Metazoa"		361860000	"Chromosome"	500544478	30	15
"988025"	"species"	"Cyaniris semiargus"	"Insecta"	"Arthropoda"	"Metazoa"		224940000	"Chromosome"	441504031	48	23
"987918"	"species"	"Cybosia mesomella"	"Insecta"	"Arthropoda"	"Metazoa"		1105140000	"Chromosome"	947567172	62	31
"1100963"	"species"	"Cydia splendana"	"Insecta"	"Arthropoda"	"Metazoa"		600553125	"Chromosome"	630601649	56	28
"1100964"	"species"	"Cydia strobilella"	"Insecta"	"Arthropoda"	"Metazoa"		600553125	"Chromosome"	542588748	56	28
"414801"	"species"	"Dasysyrphus albostriatus"	"Insecta"	"Arthropoda"	"Metazoa"		528120000	"Chromosome"	662539497	10	4
"179674"	"species"	"Diachrysia chrysitis"	"Insecta"	"Arthropoda"	"Metazoa"		662595000	"Chromosome"	386364714	31	31
"987922"	"species"	"Diaphora mendica"	"Insecta"	"Arthropoda"	"Metazoa"		635700000	"Chromosome"	748667298	52	26
"987924"	"species"	"Diarsia mendica"	"Insecta"	"Arthropoda"	"Metazoa"		660150000	"Chromosome"	727937164	31	29
"987925"	"species"	"Diarsia rubi"	"Insecta"	"Arthropoda"	"Metazoa"		660150000	"Chromosome"	624913938	31	29
"1858094"	"species"	"Dicycla oo"	"Insecta"	"Arthropoda"	"Metazoa"		662595000	"Chromosome"	936702010	31	30
"987926"	"species"	"Diloba caeruleocephala"	"Insecta"	"Arthropoda"	"Metazoa"		662595000	"Chromosome"	762516417	31	31
"881891"	"species"	"Dolichovespula media"	"Insecta"	"Arthropoda"	"Metazoa"		312960000	"Chromosome"	247580636	50	25
"85443"	"species"	"Dolichovespula saxonica"	"Insecta"	"Arthropoda"	"Metazoa"		312960000	"Chromosome"	221833836	50	25
"85444"	"species"	"Dolichovespula sylvestris"	"Insecta"	"Arthropoda"	"Metazoa"		312960000	"Chromosome"	232580358	50	25
"104428"	"species"	"Drepana falcataria"	"Insecta"	"Arthropoda"	"Metazoa"		303180000	"Chromosome"	326729860	62	31
"988178"	"species"	"Drymonia ruficornis"	"Insecta"	"Arthropoda"	"Metazoa"		352080000	"Chromosome"	369594427	31	21
"2964684"	"species"	"Dryobota labecula"	"Insecta"	"Arthropoda"	"Metazoa"		662595000	"Chromosome"	766976549	31	30
"988106"	"species"	"Dryobotodes eremita"	"Insecta"	"Arthropoda"	"Metazoa"		662595000	"Chromosome"	709790899	31	30
"1126389"	"species"	"Ectemnius continuus"	"Insecta"	"Arthropoda"	"Metazoa"		371640000	"Chromosome"	260337310	28	14
"2495015"	"species"	"Ectemnius lituratus"	"Insecta"	"Arthropoda"	"Metazoa"		371640000	"Chromosome"	235140587	28	14
"987929"	"species"	"Eilema caniola"	"Insecta"	"Arthropoda"	"Metazoa"		1105140000	"Chromosome"	781734843	62	31
"987419"	"species"	"Eilema depressum"	"Insecta"	"Arthropoda"	"Metazoa"		1105140000	"Chromosome"	622006817	62	31
"987424"	"species"	"Eilema sororculum"	"Insecta"	"Arthropoda"	"Metazoa"		1105140000	"Chromosome"	729401876	62	31
"934936"	"species"	"Electrophaes corylata"	"Insecta"	"Arthropoda"	"Metazoa"		640590000	"Chromosome"	347537795	60	30
"1101167"	"species"	"Elegia similella"	"Insecta"	"Arthropoda"	"Metazoa"		713940000	"Chromosome"	780449290	60	30
"186982"	"species"	"Elmis aenea"	"Insecta"	"Arthropoda"	"Metazoa"		1322745000	"Chromosome"	516500542	18	9
"467774"	"species"	"Emmelina monodactyla"	"Insecta"	"Arthropoda"	"Metazoa"		555626250	"Chromosome"	312395474	62	29
"1101095"	"species"	"Endotricha flammealis"	"Insecta"	"Arthropoda"	"Metazoa"		601470000	"Chromosome"	473933762	60	30
"722662"	"species"	"Ennomos fuscantarius"	"Insecta"	"Arthropoda"	"Metazoa"		831300000	"Chromosome"	444910036	62	30
"875883"	"species"	"Ennomos quercinarius"	"Insecta"	"Arthropoda"	"Metazoa"		831300000	"Chromosome"	491868579	62	30
"569040"	"species"	"Epicampocera succincta"	"Insecta"	"Arthropoda"	"Metazoa"		691323750	"Chromosome"	398107694	12	6
"1594293"	"species"	"Epinotia bilunana"	"Insecta"	"Arthropoda"	"Metazoa"		600553125	"Chromosome"	659028177	29	28
"1594294"	"species"	"Epinotia demarniana"	"Insecta"	"Arthropoda"	"Metazoa"		600553125	"Chromosome"	735796338	29	28
"989769"	"species"	"Epinotia nisella"	"Insecta"	"Arthropoda"	"Metazoa"		600553125	"Chromosome"	584985792	29	28
"1594296"	"species"	"Epinotia ramella"	"Insecta"	"Arthropoda"	"Metazoa"		600553125	"Chromosome"	781976700	29	28
"1352479"	"species"	"Epistrophe grossulariae"	"Insecta"	"Arthropoda"	"Metazoa"		528120000	"Chromosome"	556592610	10	4
"286459"	"species"	"Episyrphus balteatus"	"Insecta"	"Arthropoda"	"Metazoa"		528120000	"Chromosome"	535345329	10	5
"104474"	"species"	"Erannis defoliaria"	"Insecta"	"Arthropoda"	"Metazoa"		831300000	"Chromosome"	522356532	62	30
"447833"	"species"	"Erebia aethiops"	"Insecta"	"Arthropoda"	"Metazoa"		479220000	"Chromosome"	473453904	42	21
"111903"	"species"	"Erebia ligea"	"Insecta"	"Arthropoda"	"Metazoa"		479220000	"Chromosome"	506382226	58	29
"1124515"	"species"	"Eristalis arbustorum"	"Insecta"	"Arthropoda"	"Metazoa"		528120000	"Chromosome"	451027004	12	6
"1572519"	"species"	"Eristalis pertinax"	"Insecta"	"Arthropoda"	"Metazoa"		528120000	"Chromosome"	482075123	12	6
"198635"	"species"	"Eristalis tenax"	"Insecta"	"Arthropoda"	"Metazoa"		528120000	"Chromosome"	487002646	12	6
"37610"	"species"	"Erithacus rubecula"	"Aves"	"Chordata"	"Metazoa"		1779960000	"Chromosome"	1086738418	80	40
"520884"	"species"	"Erynnis tages"	"Insecta"	"Arthropoda"	"Metazoa"		555626250	"Chromosome"	329343411	62	31
"2870497"	"species"	"Esperia sulphurella"	"Insecta"	"Arthropoda"	"Metazoa"		600553125	"Chromosome"	453206733	58	11
"938167"	"species"	"Euclidia mi"	"Insecta"	"Arthropoda"	"Metazoa"		1467000000	"Chromosome"	2320373592	31	31
"1100989"	"species"	"Eudemis profundana"	"Insecta"	"Arthropoda"	"Metazoa"		600553125	"Chromosome"	691272826	28	28
"1100991"	"species"	"Eudonia lacustrata"	"Insecta"	"Arthropoda"	"Metazoa"		601470000	"Chromosome"	699495293	62	17
"988114"	"species"	"Eugnorisma glareosa"	"Insecta"	"Arthropoda"	"Metazoa"		650370000	"Chromosome"	630991255	31	29
"934839"	"species"	"Eulithis prunata"	"Insecta"	"Arthropoda"	"Metazoa"		640590000	"Chromosome"	263131874	60	30
"290404"	"species"	"Eupeodes corollae"	"Insecta"	"Arthropoda"	"Metazoa"		528120000	"Chromosome"	648195582	8	4
"1124558"	"species"	"Eupeodes latifasciatus"	"Insecta"	"Arthropoda"	"Metazoa"		528120000	"Chromosome"	846338106	8	4
"934840"	"species"	"Eupithecia abbreviata"	"Insecta"	"Arthropoda"	"Metazoa"		640590000	"Chromosome"	383447363	60	30
"934845"	"species"	"Eupithecia dodoneata"	"Insecta"	"Arthropoda"	"Metazoa"		640590000	"Chromosome"	353641053	60	30
"934847"	"species"	"Eupithecia exiguata"	"Insecta"	"Arthropoda"	"Metazoa"		640590000	"Chromosome"	372871325	60	30
"986977"	"species"	"Eupithecia insigniata"	"Insecta"	"Arthropoda"	"Metazoa"		640590000	"Chromosome"	438103773	60	30
"986984"	"species"	"Eupithecia subumbrata"	"Insecta"	"Arthropoda"	"Metazoa"		640590000	"Chromosome"	496186513	60	30
"934866"	"species"	"Eupithecia vulgata"	"Insecta"	"Arthropoda"	"Metazoa"		640590000	"Chromosome"	454682321	60	30
"987935"	"species"	"Euproctis similis"	"Insecta"	"Arthropoda"	"Metazoa"		1007340000	"Chromosome"	507633075	44	22
"116130"	"species"	"Eupsilia transversa"	"Insecta"	"Arthropoda"	"Metazoa"		662595000	"Chromosome"	466907300	31	31
"1366396"	"species"	"Euzophera pinguis"	"Insecta"	"Arthropoda"	"Metazoa"		713940000	"Chromosome"	464714582	60	30
"405009"	"species"	"Fabriciana adippe"	"Insecta"	"Arthropoda"	"Metazoa"		347190000	"Chromosome"	484811369	58	29
"987943"	"species"	"Furcula furcula"	"Insecta"	"Arthropoda"	"Metazoa"		352080000	"Chromosome"	736105881	58	29
"934938"	"species"	"Gandaritis pyraliata"	"Insecta"	"Arthropoda"	"Metazoa"		640590000	"Chromosome"	295637629	60	30
"2589376"	"species"	"Gari tellinella"	"Bivalvia"	"Mollusca"	"Metazoa"		1633260000	"Chromosome"	1597614753	18	26
"350588"	"species"	"Geum canadense"	"Magnoliopsida"	"Streptophyta"	"Viridiplantae"		1809300000		1175942034	42	21
"57919"	"species"	"Geum urbanum"	"Magnoliopsida"	"Streptophyta"	"Viridiplantae"		1603920000	"Chromosome"	1304378891	42	14
"703304"	"species"	"Gibbula magus"	"Gastropoda"	"Mollusca"	"Metazoa"		1907100000	"Chromosome"	1470388822	19	9
"203781"	"species"	"Glaucopsyche alexis"	"Insecta"	"Arthropoda"	"Metazoa"		224940000	"Chromosome"	619528502	46	23
"1660644"	"species"	"Globia sparganii"	"Insecta"	"Arthropoda"	"Metazoa"		650370000	"Chromosome"	676673361	31	29
"1271742"	"species"	"Glyphotaelius pellucidus"	"Insecta"	"Arthropoda"	"Metazoa"		488541562	"Chromosome"	1037107663	59	30
"1101106"	"species"	"Griposia aprilina"	"Insecta"	"Arthropoda"	"Metazoa"		662595000	"Chromosome"	720411482	31	30
"934940"	"species"	"Gymnoscelis rufifasciata"	"Insecta"	"Arthropoda"	"Metazoa"		640590000	"Chromosome"	461994518	60	30
"569046"	"species"	"Gymnosoma rotundatum"	"Insecta"	"Arthropoda"	"Metazoa"		691323750	"Chromosome"	779127282	12	6
"721137"	"species"	"Habrosyne pyritoides"	"Insecta"	"Arthropoda"	"Metazoa"		317850000	"Chromosome"	400553399	62	31
"313498"	"species"	"Haliclystus octoradiatus"	"Staurozoa"	"Cnidaria"	"Metazoa"		676042500	"Chromosome"	261880027	12	6
"347359"	"species"	"Halyzia sedecimguttata"	"Insecta"	"Arthropoda"	"Metazoa"		689490000	"Chromosome"	919090586	20	10
"115357"	"species"	"Harmonia axyridis"	"Insecta"	"Arthropoda"	"Metazoa"		396090000	"Chromosome"	425524972	16	8
"46595"	"species"	"Harmothoe impar"	"Polychaeta"	"Annelida"	"Metazoa"		2146710000	"Chromosome"	1512304043	28	10
"988125"	"species"	"Hecatera dysodea"	"Insecta"	"Arthropoda"	"Metazoa"		586800000	"Chromosome"	640896252	31	31
"4052"	"species"	"Hedera helix"	"Magnoliopsida"	"Streptophyta"	"Viridiplantae"		1564800000	"Chromosome"	1198586830	48	24
"1869985"	"species"	"Hedya salicella"	"Insecta"	"Arthropoda"	"Metazoa"		600553125	"Chromosome"	742309209	28	28
"987953"	"species"	"Hemaris fuciformis"	"Insecta"	"Arthropoda"	"Metazoa"		484110000	"Chromosome"	448837683	29	29
"934942"	"species"	"Hemistola chrysoprasaria"	"Insecta"	"Arthropoda"	"Metazoa"		640590000	"Chromosome"	438237544	62	31
"572857"	"species"	"Hemithea aestivaria"	"Insecta"	"Arthropoda"	"Metazoa"		640590000	"Chromosome"	501696139	62	31
"987440"	"species"	"Herminia tarsipennalis"	"Insecta"	"Arthropoda"	"Metazoa"		1007340000	"Chromosome"	788433107	62	31
"291688"	"species"	"Hesperia comma"	"Insecta"	"Arthropoda"	"Metazoa"		555626250	"Chromosome"	525335281	28	29
"111912"	"species"	"Hipparchia semele"	"Insecta"	"Arthropoda"	"Metazoa"		479220000	"Chromosome"	403405494	58	29
"1262473"	"species"	"Hirtodrosophila cameraria"	"Insecta"	"Arthropoda"	"Metazoa"		239610000	"Chromosome"	214495864	8	4
"572861"	"species"	"Hofmannophila pseudospretella"	"Insecta"	"Arthropoda"	"Metazoa"		600553125	"Chromosome"	406154854	58	11
"987956"	"species"	"Hoplodrina blanda"	"Insecta"	"Arthropoda"	"Metazoa"		662595000	"Chromosome"	463994746	31	30
"214171"	"species"	"Hydraecia micacea"	"Insecta"	"Arthropoda"	"Metazoa"		650370000	"Chromosome"	562425167	58	29
"104460"	"species"	"Hydriomena furcata"	"Insecta"	"Arthropoda"	"Metazoa"		640590000	"Chromosome"	423302054	56	28
"722673"	"species"	"Hylaea fasciaria"	"Insecta"	"Arthropoda"	"Metazoa"		831300000	"Chromosome"	327919484	62	30
"753189"	"species"	"Hypena proboscidalis"	"Insecta"	"Arthropoda"	"Metazoa"		1007340000	"Chromosome"	636770889	62	31
"1101110"	"species"	"Hypsopygia costalis"	"Insecta"	"Arthropoda"	"Metazoa"		601470000	"Chromosome"	817677830	60	30
"2795680"	"species"	"Ichneumon xanthorius"	"Insecta"	"Arthropoda"	"Metazoa"		264060000	"Chromosome"	314972371	24	12
"104447"	"species"	"Idaea aversata"	"Insecta"	"Arthropoda"	"Metazoa"		449880000	"Chromosome"	436713420	62	30
"572776"	"species"	"Idaea dimidiata"	"Insecta"	"Arthropoda"	"Metazoa"		449880000	"Chromosome"	422575458	62	30
"253017"	"species"	"Impatiens glandulifera"	"Magnoliopsida"	"Streptophyta"	"Viridiplantae"		997560000	"Chromosome"	653879104	18	6
"171585"	"species"	"Nymphalis io"	"Insecta"	"Arthropoda"	"Metazoa"		440100000	"Chromosome"	384156914	62	31
"197161"	"species"	"Ischnura elegans"	"Insecta"	"Arthropoda"	"Metazoa"		938880000	"Chromosome"	1722738530	28	14
"13579"	"species"	"Juncus effusus"	"Magnoliopsida"	"Streptophyta"	"Viridiplantae"		293400000	"Chromosome"	258276744	40	21
"987426"	"species"	"Lacanobia wlatinum"	"Insecta"	"Arthropoda"	"Metazoa"		586800000	"Chromosome"	903907307	31	31
"296003"	"species"	"Lagria hirta"	"Insecta"	"Arthropoda"	"Metazoa"		479220000	"Chromosome"	336767380	14	7
"934945"	"species"	"Lampropteryx suffumata"	"Insecta"	"Arthropoda"	"Metazoa"		640590000	"Chromosome"	581638658	64	32
"522836"	"species"	"Laothoe populi"	"Insecta"	"Arthropoda"	"Metazoa"		591690000	"Chromosome"	576387381	56	28
"88531"	"species"	"Lasioglossum lativentre"	"Insecta"	"Arthropoda"	"Metazoa"		553792500	"Chromosome"	478935738	16	9
"88514"	"species"	"Lasioglossum morio"	"Insecta"	"Arthropoda"	"Metazoa"		553792500	"Chromosome"	547197555	12	13
"111917"	"species"	"Lasiommata megera"	"Insecta"	"Arthropoda"	"Metazoa"		479220000	"Chromosome"	488442692	58	29
"938238"	"species"	"Laspeyria flexula"	"Insecta"	"Arthropoda"	"Metazoa"		1007340000	"Chromosome"	450881683	62	31
"1594361"	"species"	"Lathronympha strigana"	"Insecta"	"Arthropoda"	"Metazoa"		600553125	"Chromosome"	620962223	56	28
"1210411"	"species"	"Lepidonotus clava"	"Polychaeta"	"Annelida"	"Metazoa"		1809300000	"Chromosome"	1012745349	28	10
"189913"	"species"	"Leptidea sinapis"	"Insecta"	"Arthropoda"	"Metazoa"		254280000	"Chromosome"	685583065	59	28
"688415"	"species"	"Leucoma salicis"	"Insecta"	"Arthropoda"	"Metazoa"		1007340000	"Chromosome"	733208700	30	30
"323312"	"species"	"Leucozona laternaria"	"Insecta"	"Arthropoda"	"Metazoa"		528120000	"Chromosome"	613542547	10	5
"934875"	"species"	"Ligdia adustata"	"Insecta"	"Arthropoda"	"Metazoa"		831300000	"Chromosome"	399710632	62	30
"270466"	"species"	"Limenitis camilla"	"Insecta"	"Arthropoda"	"Metazoa"		381420000	"Chromosome"	435097539	60	30
"1218281"	"species"	"Limnephilus lunatus"	"Insecta"	"Arthropoda"	"Metazoa"		488541562	"Chromosome"	1269636097	25	13
"692089"	"species"	"Limnephilus rhombicus"	"Insecta"	"Arthropoda"	"Metazoa"		488541562	"Chromosome"	1578786179	60	30
"43171"	"species"	"Linaria vulgaris"	"Magnoliopsida"	"Streptophyta"	"Viridiplantae"		938880000	"Chromosome"	759825098	12	4
"1870035"	"species"	"Lithophane leautieri"	"Insecta"	"Arthropoda"	"Metazoa"		449880000	"Chromosome"	521678522	31	31
"987973"	"species"	"Lithophane ornitopus"	"Insecta"	"Arthropoda"	"Metazoa"		449880000	"Chromosome"	508596170	31	31
"997537"	"species"	"Lithophane semibrunnea"	"Insecta"	"Arthropoda"	"Metazoa"		449880000	"Chromosome"	557989272	31	31
"997538"	"species"	"Lithophane socia"	"Insecta"	"Arthropoda"	"Metazoa"		449880000	"Chromosome"	489329867	31	31
"934876"	"species"	"Lobophora halterata"	"Insecta"	"Arthropoda"	"Metazoa"		640590000	"Chromosome"	314860569	60	30
"227480"	"species"	"Lochmaea capreae"	"Insecta"	"Arthropoda"	"Metazoa"		469440000	"Chromosome"	534673670	34	17
"1143063"	"species"	"Lochmaea crataegi"	"Insecta"	"Arthropoda"	"Metazoa"		469440000	"Chromosome"	891283075	34	17
"393326"	"species"	"Lomographa bimaculata"	"Insecta"	"Arthropoda"	"Metazoa"		831300000	"Chromosome"	554736081	62	30
"35632"	"species"	"Lumbricus rubellus"	"Clitellata"	"Annelida"	"Metazoa"		420540000	"Chromosome"	787515170	36	18
"56931"	"species"	"Lunularia cruciata"	"Marchantiopsida"	"Streptophyta"	"Viridiplantae"		665040000	"Chromosome"	565567803	9	8
"988174"	"species"	"Luperina testacea"	"Insecta"	"Arthropoda"	"Metazoa"		650370000	"Chromosome"	601497093	58	29
"9657"	"species"	"Lutra lutra"	"Mammalia"	"Chordata"	"Metazoa"		2880210000	"Chromosome"	2438442342	38	19
"282391"	"species"	"Lycaena phlaeas"	"Insecta"	"Arthropoda"	"Metazoa"		224940000	"Chromosome"	420468287	48	24
"326963"	"species"	"Lycia hirtaria"	"Insecta"	"Arthropoda"	"Metazoa"		1427880000	"Chromosome"	551955517	28	14
"78897"	"species"	"Lymantria monacha"	"Insecta"	"Arthropoda"	"Metazoa"		1007340000	"Chromosome"	915653161	62	31
"138070"	"species"	"Lysandra bellargus"	"Insecta"	"Arthropoda"	"Metazoa"		224940000	"Chromosome"	528918181	90	45
"268709"	"species"	"Lysandra coridon"	"Insecta"	"Arthropoda"	"Metazoa"		224940000	"Chromosome"	540719330	90	24
"688445"	"species"	"Macaria notata"	"Insecta"	"Arthropoda"	"Metazoa"		332520000	"Chromosome"	393772068	62	30
"1384894"	"species"	"Macrophya alboannulata"	"Insecta"	"Arthropoda"	"Metazoa"		306847500	"Chromosome"	245216054	20	8
"253715"	"species"	"Macropis europaea"	"Insecta"	"Arthropoda"	"Metazoa"		625920000	"Chromosome"	546788722	28	9
"295700"	"species"	"Malachius bipustulatus"	"Insecta"	"Arthropoda"	"Metazoa"		1261620000	"Chromosome"	544240569	17	8
"283210"	"species"	"Malus pumila"	"Magnoliopsida"	"Streptophyta"	"Viridiplantae"		753060000		668114691	34	17
"3750"	"species"	"Malus domestica"	"Magnoliopsida"	"Streptophyta"	"Viridiplantae"		740346000	"Complete Genome"	650775246	34	17
"3752"	"species"	"Malus sylvestris"	"Magnoliopsida"	"Streptophyta"	"Viridiplantae"		841080000	"Chromosome"	640969901	34	17
"283210"	"species"	"Malus pumila"	"Magnoliopsida"	"Streptophyta"	"Viridiplantae"		753060000		668114691	34	17
"55057"	"species"	"Mamestra brassicae"	"Insecta"	"Arthropoda"	"Metazoa"		586800000	"Chromosome"	576168760	62	31
"2795564"	"species"	"Maniola hyperantus"	"Insecta"	"Arthropoda"	"Metazoa"		479220000	"Chromosome"	408137179	46	23
"191418"	"species"	"Maniola jurtina"	"Insecta"	"Arthropoda"	"Metazoa"		479220000	"Chromosome"	402038846	58	29
"1594453"	"species"	"Marasmarcha lunaedactyla"	"Insecta"	"Arthropoda"	"Metazoa"		555626250	"Chromosome"	771083478	62	29
"1502335"	"species"	"Mecyna flavalis"	"Insecta"	"Arthropoda"	"Metazoa"		601470000	"Chromosome"	531616342	31	17
"70936"	"species"	"Medicago arabica"	"Magnoliopsida"	"Streptophyta"	"Viridiplantae"		606360000	"Chromosome"	515505002	16	8
"1542540"	"species"	"Megachile ligniseca"	"Insecta"	"Arthropoda"	"Metazoa"		797070000	"Chromosome"	290020865	32	16
"481575"	"species"	"Megachile willughbiella"	"Insecta"	"Arthropoda"	"Metazoa"		797070000	"Chromosome"	413947718	32	16
"987977"	"species"	"Meganola albula"	"Insecta"	"Arthropoda"	"Metazoa"		662595000	"Chromosome"	405246355	62	31
"111923"	"species"	"Melanargia galathea"	"Insecta"	"Arthropoda"	"Metazoa"		479220000	"Chromosome"	606360635	48	24
"987979"	"species"	"Melanchra persicariae"	"Insecta"	"Arthropoda"	"Metazoa"		586800000	"Chromosome"	647895792	62	31
"653684"	"species"	"Melanostoma mellinum"	"Insecta"	"Arthropoda"	"Metazoa"		528120000	"Chromosome"	731024304	8	4
"431829"	"species"	"Meliscaeva auricollis"	"Insecta"	"Arthropoda"	"Metazoa"		528120000	"Chromosome"	385148378	10	5
"113334"	"species"	"Melitaea cinxia"	"Insecta"	"Arthropoda"	"Metazoa"		440100000	"Chromosome"	499397863	62	30
"113330"	"species"	"Melitaea athalia"	"Insecta"	"Arthropoda"	"Metazoa"		440100000	"Chromosome"	609549632	62	31
"7061"	"species"	"Melolontha melolontha"	"Insecta"	"Arthropoda"	"Metazoa"		1339860000	"Chromosome"	1656866012	20	10
"95170"	"species"	"Membranipora membranacea"	"Gymnolaemata"	"Bryozoa"	"Metazoa"		978000000	"Chromosome"	339359933	5	11
"3986"	"species"	"Mercurialis annua"	"Magnoliopsida"	"Streptophyta"	"Viridiplantae"		694380000	"Chromosome"	453168992	16	32
"997551"	"species"	"Mesoligia furuncula"	"Insecta"	"Arthropoda"	"Metazoa"		662595000	"Chromosome"	889612040	31	30
"1101017"	"species"	"Metalampra italica"	"Insecta"	"Arthropoda"	"Metazoa"		600553125	"Chromosome"	319369997	58	11
"94026"	"species"	"Metellina segmentata"	"Arachnida"	"Arthropoda"	"Metazoa"		1354530000	"Chromosome"	1665108155	22	11
"50417"	"species"	"Mimachlamys varia"	"Bivalvia"	"Mollusca"	"Metazoa"		1388760000	"Chromosome"	975359695	38	19
"522848"	"species"	"Mimas tiliae"	"Insecta"	"Arthropoda"	"Metazoa"		591690000	"Chromosome"	477965817	58	29
"2495085"	"species"	"Mimumesa dahlbomi"	"Insecta"	"Arthropoda"	"Metazoa"		413205000	"Chromosome"	297301941	16	5
"102599"	"species"	"Misopates orontium"	"Magnoliopsida"	"Streptophyta"	"Viridiplantae"		489000000	"Chromosome"	361008136	16	8
"691988"	"species"	"Monopis laevigella"	"Insecta"	"Arthropoda"	"Metazoa"		600553125	"Chromosome"	632589603	62	29
"753371"	"species"	"Musotima nitidalis"	"Insecta"	"Arthropoda"	"Metazoa"		601470000	"Chromosome"	555635780	62	17
"2714349"	"species"	"Myathropa florea"	"Insecta"	"Arthropoda"	"Metazoa"		528120000	"Chromosome"	485087974	10	6
"2829445"	"species"	"Myopa tessellatipennis"	"Insecta"	"Arthropoda"	"Metazoa"		260392500	"Chromosome"	249257482	12	6
"2867102"	"species"	"Myopa testacea"	"Insecta"	"Arthropoda"	"Metazoa"		260392500	"Chromosome"	243330331	12	6
"987983"	"species"	"Mythimna albipuncta"	"Insecta"	"Arthropoda"	"Metazoa"		586800000	"Chromosome"	698550901	31	31
"997540"	"species"	"Mythimna ferrago"	"Insecta"	"Arthropoda"	"Metazoa"		586800000	"Chromosome"	860973034	31	31
"987985"	"species"	"Mythimna impura"	"Insecta"	"Arthropoda"	"Metazoa"		586800000	"Chromosome"	935333665	58	29
"987427"	"species"	"Mythimna lalbum"	"Insecta"	"Arthropoda"	"Metazoa"		586800000	"Chromosome"	691871265	31	31
"987991"	"species"	"Mythimna vitellina"	"Insecta"	"Arthropoda"	"Metazoa"		586800000	"Chromosome"	726680363	31	31
"753375"	"species"	"Nematopogon swammerdamellus"	"Insecta"	"Arthropoda"	"Metazoa"		376530000	"Chromosome"	699503999	46	23
"45351"	"species"	"Nematostella vectensis"	"Anthozoa"	"Cnidaria"	"Metazoa"		278730000	"Chromosome"	313016011	12	6
"2867103"	"species"	"Neoascia interrupta"	"Insecta"	"Arthropoda"	"Metazoa"		528120000	"Chromosome"	601905515	8	4
"468767"	"species"	"Neoitamus cyanurus"	"Insecta"	"Arthropoda"	"Metazoa"		518492812	"Chromosome"	365493643	14	7
"566305"	"species"	"Nephrocerus scutellatus"	"Insecta"	"Arthropoda"	"Metazoa"		528120000	"Chromosome"	613373670	10	4
"2741127"	"species"	"Nephrotoma appendiculata"	"Insecta"	"Arthropoda"	"Metazoa"		210270000	"Chromosome"	1138043649	8	4
"753202"	"species"	"Noctua fimbriata"	"Insecta"	"Arthropoda"	"Metazoa"		557460000	"Chromosome"	573940004	29	29
"987995"	"species"	"Noctua janthe"	"Insecta"	"Arthropoda"	"Metazoa"		557460000	"Chromosome"	532770789	31	29
"214277"	"species"	"Noctua pronuba"	"Insecta"	"Arthropoda"	"Metazoa"		557460000	"Chromosome"	529179202	31	29
"601510"	"species"	"Nomada fabriciana"	"Insecta"	"Arthropoda"	"Metazoa"		547068750	"Chromosome"	233584371	34	9
"481570"	"species"	"Nomada fucata"	"Insecta"	"Arthropoda"	"Metazoa"		547068750	"Chromosome"	264062708	34	9
"1594315"	"species"	"Notocelia uddmanniana"	"Insecta"	"Arthropoda"	"Metazoa"		600553125	"Chromosome"	794107225	28	28
"753204"	"species"	"Notodonta dromedarius"	"Insecta"	"Arthropoda"	"Metazoa"		352080000	"Chromosome"	341975702	62	31
"613196"	"species"	"Nowickia ferox"	"Insecta"	"Arthropoda"	"Metazoa"		691323750	"Chromosome"	670697881	12	6
"988004"	"species"	"Nycteola revayana"	"Insecta"	"Arthropoda"	"Metazoa"		662595000	"Chromosome"	621024246	25	32
"171594"	"species"	"Nymphalis polychloros"	"Insecta"	"Arthropoda"	"Metazoa"		440100000	"Chromosome"	398097521	62	31
"111881"	"species"	"Nymphalis urticae"	"Insecta"	"Arthropoda"	"Metazoa"		440100000	"Chromosome"	392803606	62	29
"1594316"	"species"	"Nymphula nitidulata"	"Insecta"	"Arthropoda"	"Metazoa"		601470000	"Chromosome"	635770143	62	17
"2495127"	"species"	"Nysson spinosus"	"Insecta"	"Arthropoda"	"Metazoa"		469440000	"Chromosome"	314615744	28	5
"3126489"	"species"	"Ochlodes sylvanus"	"Insecta"	"Arthropoda"	"Metazoa"		555626250	"Chromosome"	379669142	29	28
"320037"	"species"	"Ochropleura plecta"	"Insecta"	"Arthropoda"	"Metazoa"		660150000	"Chromosome"	643947103	31	29
"662956"	"species"	"Ocypus olens"	"Insecta"	"Arthropoda"	"Metazoa"		801960000	"Chromosome"	1083850194	40	20
"347754"	"species"	"Oegoconia quadripuncta"	"Insecta"	"Arthropoda"	"Metazoa"		600553125	"Chromosome"	622641385	58	11
"988008"	"species"	"Oligia latruncula"	"Insecta"	"Arthropoda"	"Metazoa"		650370000	"Chromosome"	564087821	58	29
"2492375"	"species"	"Omphaloscelis lunosa"	"Insecta"	"Arthropoda"	"Metazoa"		662595000	"Chromosome"	661859241	31	30
"104452"	"species"	"Operophtera brumata"	"Insecta"	"Arthropoda"	"Metazoa"		640590000	"Chromosome"	619163353	60	30
"247415"	"species"	"Ophonus ardosiacus"	"Insecta"	"Arthropoda"	"Metazoa"		639367500	"Chromosome"	911900507	37	19
"934882"	"species"	"Opisthograptis luteolata"	"Insecta"	"Arthropoda"	"Metazoa"		831300000	"Chromosome"	363184807	62	31
"9733"	"species"	"Orcinus orca"	"Mammalia"	"Chordata"	"Metazoa"		3080700000	"Chromosome"	2510119282	44	18
"335469"	"species"	"Orgyia antiqua"	"Insecta"	"Arthropoda"	"Metazoa"		1007340000	"Chromosome"	480094981	28	14
"997542"	"species"	"Orthosia gracilis"	"Insecta"	"Arthropoda"	"Metazoa"		650370000	"Chromosome"	715533550	27	14
"988011"	"species"	"Orthosia incerta"	"Insecta"	"Arthropoda"	"Metazoa"		650370000	"Chromosome"	946246642	30	14
"1437191"	"subspecies"	"Osmia bicornis bicornis"	"Insecta"	"Arthropoda"	"Metazoa"		797070000	"Chromosome"	216780316	32	16
"1870148"	"species"	"Pammene aurita"	"Insecta"	"Arthropoda"	"Metazoa"		600553125	"Chromosome"	1041796253	56	28
"1101027"	"species"	"Pammene fasciana"	"Insecta"	"Arthropoda"	"Metazoa"		600553125	"Chromosome"	564421490	56	28
"753214"	"species"	"Pandemis cinnamomeana"	"Insecta"	"Arthropoda"	"Metazoa"		600553125	"Chromosome"	426119673	60	30
"1101029"	"species"	"Pandemis corylana"	"Insecta"	"Arthropoda"	"Metazoa"		600553125	"Chromosome"	441590007	60	30
"76193"	"species"	"Papilio machaon"	"Insecta"	"Arthropoda"	"Metazoa"		254280000	"Chromosome"	265267639	60	31
"1594321"	"species"	"Parapoynx stratiotata"	"Insecta"	"Arthropoda"	"Metazoa"		601470000	"Chromosome"	478233360	62	17
"116150"	"species"	"Pararge aegeria"	"Insecta"	"Arthropoda"	"Metazoa"		479220000	"Chromosome"	516571003	54	27
"88005"	"species"	"Patella pellucida"	"Gastropoda"	"Mollusca"	"Metazoa"		739612500	"Chromosome"	712057054	19	9
"6465"	"species"	"Patella vulgata"	"Gastropoda"	"Mollusca"	"Metazoa"		739612500	"Chromosome"	695367781	19	9
"6579"	"species"	"Pecten maximus"	"Bivalvia"	"Mollusca"	"Metazoa"		1388760000	"Chromosome"	918306378	38	19
"190356"	"species"	"Peribatodes rhomboidaria"	"Insecta"	"Arthropoda"	"Metazoa"		831300000	"Chromosome"	499713095	62	30
"753216"	"species"	"Phalera bucephala"	"Insecta"	"Arthropoda"	"Metazoa"		352080000	"Chromosome"	933132188	60	14
"988018"	"species"	"Pheosia gnoma"	"Insecta"	"Arthropoda"	"Metazoa"		352080000	"Chromosome"	271333527	31	21
"988019"	"species"	"Pheosia tremula"	"Insecta"	"Arthropoda"	"Metazoa"		352080000	"Chromosome"	290204870	31	21
"1096077"	"species"	"Pherbina coryleti"	"Insecta"	"Arthropoda"	"Metazoa"		254280000	"Chromosome"	862951653	12	6
"934888"	"species"	"Philereme vetulata"	"Insecta"	"Arthropoda"	"Metazoa"		640590000	"Chromosome"	771064230	60	30
"346820"	"species"	"Philonthus cognatus"	"Insecta"	"Arthropoda"	"Metazoa"		801960000	"Chromosome"	1030548203	24	12
"875884"	"species"	"Phlogophora meticulosa"	"Insecta"	"Arthropoda"	"Metazoa"		586800000	"Chromosome"	538644470	31	31
"58324"	"species"	"Phoxinus phoxinus"	"Actinopteri"	"Chordata"	"Metazoa"		1124700000	"Chromosome"	950479694	50	25
"1262321"	"species"	"Phyto melanocephala"	"Insecta"	"Arthropoda"	"Metazoa"		691323750	"Chromosome"	739740587	12	6
"7116"	"species"	"Pieris brassicae"	"Insecta"	"Arthropoda"	"Metazoa"		254280000	"Chromosome"	292325833	30	15
"78633"	"species"	"Pieris napi"	"Insecta"	"Arthropoda"	"Metazoa"		254280000	"Chromosome"	319186907	50	25
"64459"	"species"	"Pieris rapae"	"Insecta"	"Arthropoda"	"Metazoa"		254280000	"Chromosome"	251113143	50	25
"59474"	"species"	"Pipistrellus pipistrellus"	"Mammalia"	"Chordata"	"Metazoa"		2122260000	"Chromosome"	1915894624	42	21
"653684"	"species"	"Melanostoma mellinum"	"Insecta"	"Arthropoda"	"Metazoa"		528120000	"Chromosome"	731024304	8	4
"414846"	"species"	"Platycheirus albimanus"	"Insecta"	"Arthropoda"	"Metazoa"		528120000	"Chromosome"	677768813	8	4
"242267"	"species"	"Plebejus argus"	"Insecta"	"Arthropoda"	"Metazoa"		224940000	"Chromosome"	382092912	46	23
"8262"	"species"	"Pleuronectes platessa"	"Actinopteri"	"Chordata"	"Metazoa"		381420000	"Chromosome"	687388084	48	24
"51655"	"species"	"Plutella xylostella"	"Insecta"	"Arthropoda"	"Metazoa"		645480000	"Chromosome"	323302761	31	31
"1553677"	"species"	"Podabrus alpinus"	"Insecta"	"Arthropoda"	"Metazoa"		1322745000	"Chromosome"	777235495	14	7
"670595"	"species"	"Pollenia amentaria"	"Insecta"	"Arthropoda"	"Metazoa"		691323750	"Chromosome"	1270755911	12	6
"1266490"	"species"	"Pollenia angustigena"	"Insecta"	"Arthropoda"	"Metazoa"		691323750	"Chromosome"	1370491206	12	6
"202137"	"species"	"Polydrusus cervinus"	"Insecta"	"Arthropoda"	"Metazoa"		3246960000	"Chromosome"	713356138	22	11
"137693"	"species"	"Polygonum aviculare"	"Magnoliopsida"	"Streptophyta"	"Viridiplantae"		909540000	"Chromosome"	351574766	40	20
"512629"	"species"	"Polygonum maritimum"	"Magnoliopsida"	"Streptophyta"	"Viridiplantae"		528120000	"Chromosome"	428639199	20	10
"701364"	"species"	"Polygonum acetosum"	"Magnoliopsida"	"Streptophyta"	"Viridiplantae"		721025510		390106982	40	20
"1870252"	"species"	"Polymixis lichenea"	"Insecta"	"Arthropoda"	"Metazoa"		662595000	"Chromosome"	716679281	31	30
"265386"	"species"	"Polyommatus icarus"	"Insecta"	"Arthropoda"	"Metazoa"		224940000	"Chromosome"	511742462	46	22
"57926"	"species"	"Argentina anserina"	"Magnoliopsida"	"Streptophyta"	"Viridiplantae"		547680000	"Chromosome"	236973942	28	14
"708063"	"species"	"Protodeltote pygarga"	"Insecta"	"Arthropoda"	"Metazoa"		662595000	"Chromosome"	421138003	31	31
"767470"	"species"	"Pterostichus madidus"	"Insecta"	"Arthropoda"	"Metazoa"		639367500	"Chromosome"	705126243	37	19
"106386"	"species"	"Pterostichus niger"	"Insecta"	"Arthropoda"	"Metazoa"		639367500	"Chromosome"	674081354	37	19
"987449"	"species"	"Ptilodon capucinus"	"Insecta"	"Arthropoda"	"Metazoa"		352080000	"Chromosome"	348696490	31	31
"56535"	"species"	"Pulicaria dysenterica"	"Magnoliopsida"	"Streptophyta"	"Viridiplantae"		1075800000	"Chromosome"	833230194	18	9
"1660681"	"species"	"Pyrausta nigrata"	"Insecta"	"Arthropoda"	"Metazoa"		601470000	"Chromosome"	538865229	31	28
"218760"	"species"	"Pyrgus malvae"	"Insecta"	"Arthropoda"	"Metazoa"		555626250	"Chromosome"	724634141	66	31
"346838"	"species"	"Pyrochroa serraticornis"	"Insecta"	"Arthropoda"	"Metazoa"		400980000	"Chromosome"	249396633	20	9
"38942"	"species"	"Quercus robur"	"Magnoliopsida"	"Streptophyta"	"Viridiplantae"		1017120000	"Chromosome"	789187406	24	12
"8407"	"species"	"Rana temporaria"	"Amphibia"	"Chordata"	"Metazoa"		4391220000	"Chromosome"	4111422596	26	13
"10116"	"species"	"Rattus norvegicus"	"Mammalia"	"Chordata"	"Metazoa"		3198060000	"Chromosome"	2859874536	42	21
"41101"	"species"	"Rhagonycha fulva"	"Insecta"	"Arthropoda"	"Metazoa"		1322745000	"Chromosome"	424661649	14	7
"51622"	"species"	"Rhaphigaster nebulosa"	"Insecta"	"Arthropoda"	"Metazoa"		3237180000	"Chromosome"	1155797846	14	7
"878968"	"species"	"Rutpela maculata"	"Insecta"	"Arthropoda"	"Metazoa"		860640000	"Chromosome"	2021562588	20	10
"51650"	"species"	"Sacculina carcini"	"Thecostraca"	"Arthropoda"	"Metazoa"		1841085000	"Chromosome"	264490643	92	8
"8032"	"species"	"Salmo trutta"	"Actinopteri"	"Chordata"	"Metazoa"		2921775000	"Chromosome"	2371863509	80	24
"596942"	"species"	"Sarcophaga caerulescens"	"Insecta"	"Arthropoda"	"Metazoa"		694380000	"Chromosome"	597302449	12	6
"1206372"	"species"	"Sarcophaga rosellei"	"Insecta"	"Arthropoda"	"Metazoa"		694380000	"Chromosome"	541374458	12	6
"236850"	"species"	"Sarcophaga subvicina"	"Insecta"	"Arthropoda"	"Metazoa"		694380000	"Chromosome"	714197594	12	6
"332931"	"species"	"Saturnia pavonia"	"Insecta"	"Arthropoda"	"Metazoa"		650370000	"Chromosome"	489883575	29	29
"219539"	"species"	"Scaeva pyrastri"	"Insecta"	"Arthropoda"	"Metazoa"		528120000	"Chromosome"	320029822	8	4
"411963"	"species"	"Schrankia costaestrigalis"	"Insecta"	"Arthropoda"	"Metazoa"		1007340000	"Chromosome"	571975913	62	31
"30640"	"species"	"Sciurus carolinensis"	"Mammalia"	"Chordata"	"Metazoa"		4713960000	"Chromosome"	2815397268	40	20
"55149"	"species"	"Sciurus vulgaris"	"Mammalia"	"Chordata"	"Metazoa"		3833760000	"Chromosome"	2878591032	40	20
"987009"	"species"	"Scotopteryx bipunctaria"	"Insecta"	"Arthropoda"	"Metazoa"		640590000	"Chromosome"	326449338	60	30
"7830"	"species"	"Scyliorhinus canicula"	"Chondrichthyes"	"Chordata"	"Metazoa"		5525700000	"Chromosome"	4220389930	80	39
"121545"	"species"	"Senecio gallicus"	"Magnoliopsida"	"Streptophyta"	"Viridiplantae"		4780953000		1245807890	40	10
"93496"	"species"	"Senecio vernalis"	"Magnoliopsida"	"Streptophyta"	"Viridiplantae"		1103184000		1245807890	20	20
"121554"	"species"	"Senecio squalidus"	"Magnoliopsida"	"Streptophyta"	"Viridiplantae"		889980000	"Scaffold"	652011524	40	10
"748215"	"species"	"Sesia apiformis"	"Insecta"	"Arthropoda"	"Metazoa"		600553125	"Chromosome"	546793346	30	28
"287197"	"species"	"Sesia bembeciformis"	"Insecta"	"Arthropoda"	"Metazoa"		600553125	"Chromosome"	477135390	30	28
"987469"	"species"	"Shargacucullia verbasci"	"Insecta"	"Arthropoda"	"Metazoa"		449880000	"Chromosome"	422724404	31	31
"29803"	"species"	"Sherardia arvensis"	"Magnoliopsida"	"Streptophyta"	"Viridiplantae"		586800000	"Chromosome"	440939310	22	11
"279420"	"species"	"Sialis lutaria"	"Insecta"	"Arthropoda"	"Metazoa"		488541562	"Chromosome"	461961375	24	10
"45834"	"species"	"Solanum dulcamara"	"Magnoliopsida"	"Streptophyta"	"Viridiplantae"		1212720000	"Chromosome"	946304905	24	12
"1190790"	"species"	"Sphecodes monilicornis"	"Insecta"	"Arthropoda"	"Metazoa"		716996250	"Chromosome"	496571470	28	8
"987436"	"species"	"Sphinx pinastri"	"Insecta"	"Arthropoda"	"Metazoa"		420540000	"Chromosome"	509223309	56	28
"875881"	"species"	"Spilarctia lutea"	"Insecta"	"Arthropoda"	"Metazoa"		635700000	"Chromosome"	584771933	31	28
"875880"	"species"	"Spilosoma lubricipeda"	"Insecta"	"Arthropoda"	"Metazoa"		625920000	"Chromosome"	587346829	62	30
"31201"	"species"	"Spisula solida"	"Bivalvia"	"Mollusca"	"Metazoa"		1154040000	"Chromosome"	932088914	38	19
"2249760"	"species"	"Stelis phaeoptera"	"Insecta"	"Arthropoda"	"Metazoa"		797070000	"Chromosome"	301062759	32	16
"216125"	"species"	"Steromphala cineraria"	"Gastropoda"	"Mollusca"	"Metazoa"		1907100000	"Chromosome"	1270484905	19	9
"1210413"	"species"	"Sthenelais limicola"	"Polychaeta"	"Annelida"	"Metazoa"		1210275000	"Chromosome"	1131133856	28	10
"177155"	"species"	"Streptopelia turtur"	"Aves"	"Chordata"	"Metazoa"		1202940000	"Chromosome"	1178816852	72	36
"1230148"	"species"	"Suillia variegata"	"Insecta"	"Arthropoda"	"Metazoa"		260392500	"Chromosome"	263967968	12	6
"1108569"	"species"	"Synanthedon andrenaeformis"	"Insecta"	"Arthropoda"	"Metazoa"		600553125	"Chromosome"	348371631	30	28
"301036"	"species"	"Synanthedon formicaeformis"	"Insecta"	"Arthropoda"	"Metazoa"		600553125	"Chromosome"	321216854	30	28
"34682"	"species"	"Syritta pipiens"	"Insecta"	"Arthropoda"	"Metazoa"		528120000	"Chromosome"	318506762	10	5
"631328"	"species"	"Tachina fera"	"Insecta"	"Arthropoda"	"Metazoa"		691323750	"Chromosome"	751720058	12	6
"61643"	"species"	"Taurulus bubalis"	"Actinopteri"	"Chordata"	"Metazoa"		801960000	"Chromosome"	615137073	48	24
"1101163"	"species"	"Teleiodes luculella"	"Insecta"	"Arthropoda"	"Metazoa"		600553125	"Chromosome"	454459464	58	11
"1385102"	"species"	"Tenthredo distinguenda"	"Insecta"	"Arthropoda"	"Metazoa"		306847500	"Chromosome"	229381786	20	10
"362091"	"species"	"Tenthredo notha"	"Insecta"	"Arthropoda"	"Metazoa"		306847500	"Chromosome"	252818378	38	19
"987451"	"species"	"Thalpophila matura"	"Insecta"	"Arthropoda"	"Metazoa"		662595000	"Chromosome"	520397874	31	30
"1918310"	"species"	"Thecocarcelia acutangulata"	"Insecta"	"Arthropoda"	"Metazoa"		691323750	"Chromosome"	692880428	12	6
"1219171"	"species"	"Thecophora atra"	"Insecta"	"Arthropoda"	"Metazoa"		260392500	"Chromosome"	354229183	12	6
"987013"	"species"	"Thera britannica"	"Insecta"	"Arthropoda"	"Metazoa"		640590000	"Chromosome"	380622102	26	19
"934896"	"species"	"Thera obeliscata"	"Insecta"	"Arthropoda"	"Metazoa"		640590000	"Chromosome"	404683897	26	13
"988041"	"species"	"Tholera decimalis"	"Insecta"	"Arthropoda"	"Metazoa"		586800000	"Chromosome"	1334066527	31	31
"997290"	"species"	"Thumatha senex"	"Insecta"	"Arthropoda"	"Metazoa"		1105140000	"Chromosome"	810266827	62	31
"721163"	"species"	"Thyatira batis"	"Insecta"	"Arthropoda"	"Metazoa"		317850000	"Chromosome"	314783116	62	31
"272628"	"species"	"Thymelicus sylvestris"	"Insecta"	"Arthropoda"	"Metazoa"		555626250	"Chromosome"	470710341	54	27
"988162"	"species"	"Tiliacea aurago"	"Insecta"	"Arthropoda"	"Metazoa"		662595000	"Chromosome"	798037616	31	30
"41014"	"species"	"Tinea pellionella"	"Insecta"	"Arthropoda"	"Metazoa"		600553125	"Chromosome"	245279255	62	29
"1101063"	"species"	"Tinea semifulvella"	"Insecta"	"Arthropoda"	"Metazoa"		600553125	"Chromosome"	596584503	62	29
"1594354"	"species"	"Tinea trinotella"	"Insecta"	"Arthropoda"	"Metazoa"		600553125	"Chromosome"	371722122	62	29
"116138"	"species"	"Tortricodes alternella"	"Insecta"	"Arthropoda"	"Metazoa"		600553125	"Chromosome"	441237976	30	28
"36212"	"species"	"Trachurus trachurus"	"Actinopteri"	"Chordata"	"Metazoa"		889980000	"Chromosome"	801227381	48	21
"753441"	"species"	"Trisateles emortualis"	"Insecta"	"Arthropoda"	"Metazoa"		1007340000	"Chromosome"	565499321	62	31
"42275"	"species"	"Vanessa atalanta"	"Insecta"	"Arthropoda"	"Metazoa"		440100000	"Chromosome"	370420815	62	31
"171605"	"species"	"Vanessa cardui"	"Insecta"	"Arthropoda"	"Metazoa"		440100000	"Chromosome"	424798336	62	31
"7445"	"species"	"Vespa crabro"	"Insecta"	"Arthropoda"	"Metazoa"		260392500	"Chromosome"	229313526	50	25
"202808"	"species"	"Vespa velutina"	"Insecta"	"Arthropoda"	"Metazoa"		260392500	"Chromosome"	193976845	50	25
"30212"	"species"	"Vespula germanica"	"Insecta"	"Arthropoda"	"Metazoa"		224940000	"Chromosome"	205771445	50	25
"7454"	"species"	"Vespula vulgaris"	"Insecta"	"Arthropoda"	"Metazoa"		195600000	"Chromosome"	188185082	50	25
"1352473"	"species"	"Volucella bombylans"	"Insecta"	"Arthropoda"	"Metazoa"		528120000	"Chromosome"	1213191877	12	6
"226151"	"species"	"Volucella inanis"	"Insecta"	"Arthropoda"	"Metazoa"		528120000	"Chromosome"	961446857	12	6
"226149"	"species"	"Volucella inflata"	"Insecta"	"Arthropoda"	"Metazoa"		528120000	"Chromosome"	753463946	12	6
"987434"	"species"	"Xanthia icteritia"	"Insecta"	"Arthropoda"	"Metazoa"		662595000	"Chromosome"	664622765	31	30
"414876"	"species"	"Philhelius pedissequus"	"Insecta"	"Arthropoda"	"Metazoa"		528120000	"Chromosome"	977153996	10	5
"934904"	"species"	"Xanthorhoe spadicearia"	"Insecta"	"Arthropoda"	"Metazoa"		640590000	"Chromosome"	276674840	29	30
"997545"	"species"	"Xestia sexstrigata"	"Insecta"	"Arthropoda"	"Metazoa"		762840000	"Chromosome"	638317840	31	29
"988049"	"species"	"Xestia xanthographa"	"Insecta"	"Arthropoda"	"Metazoa"		762840000	"Chromosome"	933866812	68	34
"1870430"	"species"	"Xylocampa areola"	"Insecta"	"Arthropoda"	"Metazoa"		889980000	"Chromosome"	564553094	31	31
"374264"	"species"	"Xylota sylvarum"	"Insecta"	"Arthropoda"	"Metazoa"		528120000	"Chromosome"	534819879	10	5
"2567736"	"species"	"Yponomeuta cagnagella"	"Insecta"	"Arthropoda"	"Metazoa"		645480000	"Chromosome"	575378505	61	31
"1594356"	"species"	"Yponomeuta plumbellus"	"Insecta"	"Arthropoda"	"Metazoa"		645480000	"Chromosome"	636627394	61	31
"263933"	"species"	"Yponomeuta sedellus"	"Insecta"	"Arthropoda"	"Metazoa"		645480000	"Chromosome"	657566992	61	31
"1870435"	"species"	"Ypsolopha scabrella"	"Insecta"	"Arthropoda"	"Metazoa"		645480000	"Chromosome"	853578453	31	31
"1870436"	"species"	"Ypsolopha sequella"	"Insecta"	"Arthropoda"	"Metazoa"		645480000	"Chromosome"	866863759	31	31
"1101072"	"species"	"Zeuzera pyrina"	"Insecta"	"Arthropoda"	"Metazoa"		600553125	"Chromosome"	686887975	30	28
"287375"	"species"	"Zygaena filipendulae"	"Insecta"	"Arthropoda"	"Metazoa"		600553125	"Chromosome"	365930723	60	30
